{
    "Data Source": "derived:com.google.heart_rate.bpm:com.google.android.gms:resting_heart_rate\u003c-merge_heart_rate_bpm",
    "Data Points": [
        {"fitValue":[{"value":{"fpVal":78}}],"originDataSourceId":"derived:com.google.heart_rate.bpm:com.google.android.gms:resting_heart_rate<-merge_heart_rate_bpm","endTimeNanos":1735765200000000000,"dataTypeName":"com.google.heart_rate.bpm","startTimeNanos":1735765200000000000,"modifiedTimeMillis":1736104869512,"rawTimestampNanos":0},
        {"fitValue":[{"value":{"fpVal":78}}],"originDataSourceId":"derived:com.google.heart_rate.bpm:com.google.android.gms:resting_heart_rate<-merge_heart_rate_bpm","endTimeNanos":1735768800000000000,"dataTypeName":"com.google.heart_rate.bpm","startTimeNanos":1735768800000000000,"modifiedTimeMillis":1736104869512,"rawTimestampNanos":0},
        {"fitValue":[{"value":{"fpVal":70}}],"originDataSourceId":"derived:com.google.heart_rate.bpm:com.google.android.gms:resting_heart_rate<-merge_heart_rate_bpm","endTimeNanos":1735772400000000000,"dataTypeName":"com.google.heart_rate.bpm","startTimeNanos":1735772400000000000,"modifiedTimeMillis":1736104869512,"rawTimestampNanos":0},
        {"fitValue":[{"value":{"fpVal":70}}],"originDataSourceId":"derived:com.google.heart_rate.bpm:com.google.android.gms:resting_heart_rate<-merge_heart_rate_bpm","endTimeNanos":1735776000000000000,"dataTypeName":"com.google.heart_rate.bpm","startTimeNanos":1735776000000000000,"modifiedTimeMillis":1736104869512,"rawTimestampNanos":0},
        {"fitValue":[{"value":{"fpVal":70}}],"originDataSourceId":"derived:com.google.heart_rate.bpm:com.google.android.gms:resting_heart_rate<-merge_heart_rate_bpm","endTimeNanos":1735779600000000000,"dataTypeName":"com.google.heart_rate.bpm","startTimeNanos":1735779600000000000,"modifiedTimeMillis":1736104869512,"rawTimestampNanos":0},
        {"fitValue":[{"value":{"fpVal":78}}],"originDataSourceId":"derived:com.google.heart_rate.bpm:com.google.android.gms:resting_heart_rate<-merge_heart_rate_bpm","endTimeNanos":1735783200000000000,"dataTypeName":"com.google.heart_rate.bpm","startTimeNanos":1735783200000000000,"modifiedTimeMillis":1736104869512,"rawTimestampNanos":0},
        {"fitValue":[{"value":{"fpVal":78}}],"originDataSourceId":"derived:com.google.heart_rate.bpm:com.google.android.gms:resting_heart_rate<-merge_heart_rate_bpm","endTimeNanos":1735786800000000000,"dataTypeName":"com.google.heart_rate.bpm","startTimeNanos":1735786800000000000,"modifiedTimeMillis":1736104869512,"rawTimestampNanos":0},
        {"fitValue":[{"value":{"fpVal":79}}],"originDataSourceId":"derived:com.google.heart_rate.bpm:com.google.android.gms:resting_heart_rate<-merge_heart_rate_bpm","endTimeNanos":1735790400000000000,"dataTypeName":"com.google.heart_rate.bpm","startTimeNanos":1735790400000000000,"modifiedTimeMillis":1736104869512,"rawTimestampNanos":0},
        {"fitValue":[{"value":{"fpVal":79}}],"originDataSourceId":"derived:com.google.heart_rate.bpm:com.google.android.gms:resting_heart_rate<-merge_heart_rate_bpm","endTimeNanos":1735794000000000000,"dataTypeName":"com.google.heart_rate.bpm","startTimeNanos":1735794000000000000,"modifiedTimeMillis":1736104869512,"rawTimestampNanos":0},
        {"fitValue":[{"value":{"fpVal":78}}],"originDataSourceId":"derived:com.google.heart_rate.bpm:com.google.android.gms:resting_heart_rate<-merge_heart_rate_bpm","endTimeNanos":1735797600000000000,"dataTypeName":"com.google.heart_rate.bpm","startTimeNanos":1735797600000000000,"modifiedTimeMillis":1736104869512,"rawTimestampNanos":0},
        {"fitValue":[{"value":{"fpVal":78}}],"originDataSourceId":"derived:com.google.heart_rate.bpm:com.google.android.gms:resting_heart_rate<-merge_heart_rate_bpm","endTimeNanos":1735801200000000000,"dataTypeName":"com.google.heart_rate.bpm","startTimeNanos":1735801200000000000,"modifiedTimeMillis":1736104869512,"rawTimestampNanos":0},
        {"fitValue":[{"value":{"fpVal":78}}],"originDataSourceId":"derived:com.google.heart_rate.bpm:com.google.android.gms:resting_heart_rate<-merge_heart_rate_bpm","endTimeNanos":1735804800000000000,"dataTypeName":"com.google.heart_rate.bpm","startTimeNanos":1735804800000000000,"modifiedTimeMillis":1736104869512,"rawTimestampNanos":0},
        {"fitValue":[{"value":{"fpVal":78}}],"originDataSourceId":"derived:com.google.heart_rate.bpm:com.google.android.gms:resting_heart_rate<-merge_heart_rate_bpm","endTimeNanos":1735808400000000000,"dataTypeName":"com.google.heart_rate.bpm","startTimeNanos":1735808400000000000,"modifiedTimeMillis":1736104869512,"rawTimestampNanos":0},
        {"fitValue":[{"value":{"fpVal":78}}],"originDataSourceId":"derived:com.google.heart_rate.bpm:com.google.android.gms:resting_heart_rate<-merge_heart_rate_bpm","endTimeNanos":1735812000000000000,"dataTypeName":"com.google.heart_rate.bpm","startTimeNanos":1735812000000000000,"modifiedTimeMillis":1736104869512,"rawTimestampNanos":0},
        {"fitValue":[{"value":{"fpVal":79}}],"originDataSourceId":"derived:com.google.heart_rate.bpm:com.google.android.gms:resting_heart_rate<-merge_heart_rate_bpm","endTimeNanos":1735815600000000000,"dataTypeName":"com.google.heart_rate.bpm","startTimeNanos":1735815600000000000,"modifiedTimeMillis":1736104869512,"rawTimestampNanos":0},
        {"fitValue":[{"value":{"fpVal":79}}],"originDataSourceId":"derived:com.google.heart_rate.bpm:com.google.android.gms:resting_heart_rate<-merge_heart_rate_bpm","endTimeNanos":1735819200000000000,"dataTypeName":"com.google.heart_rate.bpm","startTimeNanos":1735819200000000000,"modifiedTimeMillis":1736104869512,"rawTimestampNanos":0},
        {"fitValue":[{"value":{"fpVal":78}}],"originDataSourceId":"derived:com.google.heart_rate.bpm:com.google.android.gms:resting_heart_rate<-merge_heart_rate_bpm","endTimeNanos":1735822800000000000,"dataTypeName":"com.google.heart_rate.bpm","startTimeNanos":1735822800000000000,"modifiedTimeMillis":1736104869512,"rawTimestampNanos":0},
        {"fitValue":[{"value":{"fpVal":78}}],"originDataSourceId":"derived:com.google.heart_rate.bpm:com.google.android.gms:resting_heart_rate<-merge_heart_rate_bpm","endTimeNanos":1735826400000000000,"dataTypeName":"com.google.heart_rate.bpm","startTimeNanos":1735826400000000000,"modifiedTimeMillis":1736104869512,"rawTimestampNanos":0},
        {"fitValue":[{"value":{"fpVal":78}}],"originDataSourceId":"derived:com.google.heart_rate.bpm:com.google.android.gms:resting_heart_rate<-merge_heart_rate_bpm","endTimeNanos":1735830000000000000,"dataTypeName":"com.google.heart_rate.bpm","startTimeNanos":1735830000000000000,"modifiedTimeMillis":1736104869512,"rawTimestampNanos":0},
        {"fitValue":[{"value":{"fpVal":78}}],"originDataSourceId":"derived:com.google.heart_rate.bpm:com.google.android.gms:resting_heart_rate<-merge_heart_rate_bpm","endTimeNanos":1735833600000000000,"dataTypeName":"com.google.heart_rate.bpm","startTimeNanos":1735833600000000000,"modifiedTimeMillis":1736104869512,"rawTimestampNanos":0},
        {"fitValue":[{"value":{"fpVal":78}}],"originDataSourceId":"derived:com.google.heart_rate.bpm:com.google.android.gms:resting_heart_rate<-merge_heart_rate_bpm","endTimeNanos":1735837200000000000,"dataTypeName":"com.google.heart_rate.bpm","startTimeNanos":1735837200000000000,"modifiedTimeMillis":1736104869512,"rawTimestampNanos":0},
        {"fitValue":[{"value":{"fpVal":78}}],"originDataSourceId":"derived:com.google.heart_rate.bpm:com.google.android.gms:resting_heart_rate<-merge_heart_rate_bpm","endTimeNanos":1735840800000000000,"dataTypeName":"com.google.heart_rate.bpm","startTimeNanos":1735840800000000000,"modifiedTimeMillis":1736104869512,"rawTimestampNanos":0},
        {"fitValue":[{"value":{"fpVal":77}}],"originDataSourceId":"derived:com.google.heart_rate.bpm:com.google.android.gms:resting_heart_rate<-merge_heart_rate_bpm","endTimeNanos":1735844400000000000,"dataTypeName":"com.google.heart_rate.bpm","startTimeNanos":1735844400000000000,"modifiedTimeMillis":1736104869512,"rawTimestampNanos":0},
        {"fitValue":[{"value":{"fpVal":78}}],"originDataSourceId":"derived:com.google.heart_rate.bpm:com.google.android.gms:resting_heart_rate<-merge_heart_rate_bpm","endTimeNanos":1735848000000000000,"dataTypeName":"com.google.heart_rate.bpm","startTimeNanos":1735848000000000000,"modifiedTimeMillis":1736104869512,"rawTimestampNanos":0},
        {"fitValue":[{"value":{"fpVal":78}}],"originDataSourceId":"derived:com.google.heart_rate.bpm:com.google.android.gms:resting_heart_rate<-merge_heart_rate_bpm","endTimeNanos":1735851600000000000,"dataTypeName":"com.google.heart_rate.bpm","startTimeNanos":1735851600000000000,"modifiedTimeMillis":1736104869512,"rawTimestampNanos":0},
        {"fitValue":[{"value":{"fpVal":78}}],"originDataSourceId":"derived:com.google.heart_rate.bpm:com.google.android.gms:resting_heart_rate<-merge_heart_rate_bpm","endTimeNanos":1735855200000000000,"dataTypeName":"com.google.heart_rate.bpm","startTimeNanos":1735855200000000000,"modifiedTimeMillis":1736104869512,"rawTimestampNanos":0},
        {"fitValue":[{"value":{"fpVal":78}}],"originDataSourceId":"derived:com.google.heart_rate.bpm:com.google.android.gms:resting_heart_rate<-merge_heart_rate_bpm","endTimeNanos":1735858800000000000,"dataTypeName":"com.google.heart_rate.bpm","startTimeNanos":1735858800000000000,"modifiedTimeMillis":1736104869512,"rawTimestampNanos":0},
        {"fitValue":[{"value":{"fpVal":78}}],"originDataSourceId":"derived:com.google.heart_rate.bpm:com.google.android.gms:resting_heart_rate<-merge_heart_rate_bpm","endTimeNanos":1735862400000000000,"dataTypeName":"com.google.heart_rate.bpm","startTimeNanos":1735862400000000000,"modifiedTimeMillis":1736104869512,"rawTimestampNanos":0},
        {"fitValue":[{"value":{"fpVal":78}}],"originDataSourceId":"derived:com.google.heart_rate.bpm:com.google.android.gms:resting_heart_rate<-merge_heart_rate_bpm","endTimeNanos":1735866000000000000,"dataTypeName":"com.google.heart_rate.bpm","startTimeNanos":1735866000000000000,"modifiedTimeMillis":1736104869512,"rawTimestampNanos":0},
        {"fitValue":[{"value":{"fpVal":78}}],"originDataSourceId":"derived:com.google.heart_rate.bpm:com.google.android.gms:resting_heart_rate<-merge_heart_rate_bpm","endTimeNanos":1735869600000000000,"dataTypeName":"com.google.heart_rate.bpm","startTimeNanos":1735869600000000000,"modifiedTimeMillis":1736104869512,"rawTimestampNanos":0},
        {"fitValue":[{"value":{"fpVal":78}}],"originDataSourceId":"derived:com.google.heart_rate.bpm:com.google.android.gms:resting_heart_rate<-merge_heart_rate_bpm","endTimeNanos":1735873200000000000,"dataTypeName":"com.google.heart_rate.bpm","startTimeNanos":1735873200000000000,"modifiedTimeMillis":1736104869512,"rawTimestampNanos":0},
        {"fitValue":[{"value":{"fpVal":77}}],"originDataSourceId":"derived:com.google.heart_rate.bpm:com.google.android.gms:resting_heart_rate<-merge_heart_rate_bpm","endTimeNanos":1735876800000000000,"dataTypeName":"com.google.heart_rate.bpm","startTimeNanos":1735876800000000000,"modifiedTimeMillis":1736104869512,"rawTimestampNanos":0},
        {"fitValue":[{"value":{"fpVal":75}}],"originDataSourceId":"derived:com.google.heart_rate.bpm:com.google.android.gms:resting_heart_rate<-merge_heart_rate_bpm","endTimeNanos":1735880400000000000,"dataTypeName":"com.google.heart_rate.bpm","startTimeNanos":1735880400000000000,"modifiedTimeMillis":1736104869512,"rawTimestampNanos":0},
        {"fitValue":[{"value":{"fpVal":74}}],"originDataSourceId":"derived:com.google.heart_rate.bpm:com.google.android.gms:resting_heart_rate<-merge_heart_rate_bpm","endTimeNanos":1735884000000000000,"dataTypeName":"com.google.heart_rate.bpm","startTimeNanos":1735884000000000000,"modifiedTimeMillis":1736104869512,"rawTimestampNanos":0},
        {"fitValue":[{"value":{"fpVal":71}}],"originDataSourceId":"derived:com.google.heart_rate.bpm:com.google.android.gms:resting_heart_rate<-merge_heart_rate_bpm","endTimeNanos":1735887600000000000,"dataTypeName":"com.google.heart_rate.bpm","startTimeNanos":1735887600000000000,"modifiedTimeMillis":1736104869512,"rawTimestampNanos":0},
        {"fitValue":[{"value":{"fpVal":71}}],"originDataSourceId":"derived:com.google.heart_rate.bpm:com.google.android.gms:resting_heart_rate<-merge_heart_rate_bpm","endTimeNanos":1735891200000000000,"dataTypeName":"com.google.heart_rate.bpm","startTimeNanos":1735891200000000000,"modifiedTimeMillis":1736104869512,"rawTimestampNanos":0},
        {"fitValue":[{"value":{"fpVal":71}}],"originDataSourceId":"derived:com.google.heart_rate.bpm:com.google.android.gms:resting_heart_rate<-merge_heart_rate_bpm","endTimeNanos":1735894800000000000,"dataTypeName":"com.google.heart_rate.bpm","startTimeNanos":1735894800000000000,"modifiedTimeMillis":1736104869512,"rawTimestampNanos":0},
        {"fitValue":[{"value":{"fpVal":71}}],"originDataSourceId":"derived:com.google.heart_rate.bpm:com.google.android.gms:resting_heart_rate<-merge_heart_rate_bpm","endTimeNanos":1735898400000000000,"dataTypeName":"com.google.heart_rate.bpm","startTimeNanos":1735898400000000000,"modifiedTimeMillis":1736104869512,"rawTimestampNanos":0},
        {"fitValue":[{"value":{"fpVal":71}}],"originDataSourceId":"derived:com.google.heart_rate.bpm:com.google.android.gms:resting_heart_rate<-merge_heart_rate_bpm","endTimeNanos":1735902000000000000,"dataTypeName":"com.google.heart_rate.bpm","startTimeNanos":1735902000000000000,"modifiedTimeMillis":1736104869512,"rawTimestampNanos":0},
        {"fitValue":[{"value":{"fpVal":71}}],"originDataSourceId":"derived:com.google.heart_rate.bpm:com.google.android.gms:resting_heart_rate<-merge_heart_rate_bpm","endTimeNanos":1735905600000000000,"dataTypeName":"com.google.heart_rate.bpm","startTimeNanos":1735905600000000000,"modifiedTimeMillis":1736104869512,"rawTimestampNanos":0},
        {"fitValue":[{"value":{"fpVal":71}}],"originDataSourceId":"derived:com.google.heart_rate.bpm:com.google.android.gms:resting_heart_rate<-merge_heart_rate_bpm","endTimeNanos":1735909200000000000,"dataTypeName":"com.google.heart_rate.bpm","startTimeNanos":1735909200000000000,"modifiedTimeMillis":1736104869512,"rawTimestampNanos":0},
        {"fitValue":[{"value":{"fpVal":70}}],"originDataSourceId":"derived:com.google.heart_rate.bpm:com.google.android.gms:resting_heart_rate<-merge_heart_rate_bpm","endTimeNanos":1735912800000000000,"dataTypeName":"com.google.heart_rate.bpm","startTimeNanos":1735912800000000000,"modifiedTimeMillis":1736104869512,"rawTimestampNanos":0},
        {"fitValue":[{"value":{"fpVal":64}}],"originDataSourceId":"derived:com.google.heart_rate.bpm:com.google.android.gms:resting_heart_rate<-merge_heart_rate_bpm","endTimeNanos":1735916400000000000,"dataTypeName":"com.google.heart_rate.bpm","startTimeNanos":1735916400000000000,"modifiedTimeMillis":1736104869512,"rawTimestampNanos":0},
        {"fitValue":[{"value":{"fpVal":63}}],"originDataSourceId":"derived:com.google.heart_rate.bpm:com.google.android.gms:resting_heart_rate<-merge_heart_rate_bpm","endTimeNanos":1735920000000000000,"dataTypeName":"com.google.heart_rate.bpm","startTimeNanos":1735920000000000000,"modifiedTimeMillis":1736104869512,"rawTimestampNanos":0},
        {"fitValue":[{"value":{"fpVal":63}}],"originDataSourceId":"derived:com.google.heart_rate.bpm:com.google.android.gms:resting_heart_rate<-merge_heart_rate_bpm","endTimeNanos":1735923600000000000,"dataTypeName":"com.google.heart_rate.bpm","startTimeNanos":1735923600000000000,"modifiedTimeMillis":1736104869512,"rawTimestampNanos":0},
        {"fitValue":[{"value":{"fpVal":55}}],"originDataSourceId":"derived:com.google.heart_rate.bpm:com.google.android.gms:resting_heart_rate<-merge_heart_rate_bpm","endTimeNanos":1735927200000000000,"dataTypeName":"com.google.heart_rate.bpm","startTimeNanos":1735927200000000000,"modifiedTimeMillis":1736104869512,"rawTimestampNanos":0},
        {"fitValue":[{"value":{"fpVal":63}}],"originDataSourceId":"derived:com.google.heart_rate.bpm:com.google.android.gms:resting_heart_rate<-merge_heart_rate_bpm","endTimeNanos":1735930800000000000,"dataTypeName":"com.google.heart_rate.bpm","startTimeNanos":1735930800000000000,"modifiedTimeMillis":1736104869512,"rawTimestampNanos":0},
        {"fitValue":[{"value":{"fpVal":55}}],"originDataSourceId":"derived:com.google.heart_rate.bpm:com.google.android.gms:resting_heart_rate<-merge_heart_rate_bpm","endTimeNanos":1735934400000000000,"dataTypeName":"com.google.heart_rate.bpm","startTimeNanos":1735934400000000000,"modifiedTimeMillis":1736104869512,"rawTimestampNanos":0},
        {"fitValue":[{"value":{"fpVal":55}}],"originDataSourceId":"derived:com.google.heart_rate.bpm:com.google.android.gms:resting_heart_rate<-merge_heart_rate_bpm","endTimeNanos":1735938000000000000,"dataTypeName":"com.google.heart_rate.bpm","startTimeNanos":1735938000000000000,"modifiedTimeMillis":1736104869512,"rawTimestampNanos":0},
        {"fitValue":[{"value":{"fpVal":55}}],"originDataSourceId":"derived:com.google.heart_rate.bpm:com.google.android.gms:resting_heart_rate<-merge_heart_rate_bpm","endTimeNanos":1735941600000000000,"dataTypeName":"com.google.heart_rate.bpm","startTimeNanos":1735941600000000000,"modifiedTimeMillis":1736104869512,"rawTimestampNanos":0},
        {"fitValue":[{"value":{"fpVal":55}}],"originDataSourceId":"derived:com.google.heart_rate.bpm:com.google.android.gms:resting_heart_rate<-merge_heart_rate_bpm","endTimeNanos":1735945200000000000,"dataTypeName":"com.google.heart_rate.bpm","startTimeNanos":1735945200000000000,"modifiedTimeMillis":1736104869512,"rawTimestampNanos":0},
        {"fitValue":[{"value":{"fpVal":52}}],"originDataSourceId":"derived:com.google.heart_rate.bpm:com.google.android.gms:resting_heart_rate<-merge_heart_rate_bpm","endTimeNanos":1735948800000000000,"dataTypeName":"com.google.heart_rate.bpm","startTimeNanos":1735948800000000000,"modifiedTimeMillis":1736104869512,"rawTimestampNanos":0},
        {"fitValue":[{"value":{"fpVal":52}}],"originDataSourceId":"derived:com.google.heart_rate.bpm:com.google.android.gms:resting_heart_rate<-merge_heart_rate_bpm","endTimeNanos":1735952400000000000,"dataTypeName":"com.google.heart_rate.bpm","startTimeNanos":1735952400000000000,"modifiedTimeMillis":1736104869512,"rawTimestampNanos":0},
        {"fitValue":[{"value":{"fpVal":52}}],"originDataSourceId":"derived:com.google.heart_rate.bpm:com.google.android.gms:resting_heart_rate<-merge_heart_rate_bpm","endTimeNanos":1735956000000000000,"dataTypeName":"com.google.heart_rate.bpm","startTimeNanos":1735956000000000000,"modifiedTimeMillis":1736104869512,"rawTimestampNanos":0},
        {"fitValue":[{"value":{"fpVal":52}}],"originDataSourceId":"derived:com.google.heart_rate.bpm:com.google.android.gms:resting_heart_rate<-merge_heart_rate_bpm","endTimeNanos":1735959600000000000,"dataTypeName":"com.google.heart_rate.bpm","startTimeNanos":1735959600000000000,"modifiedTimeMillis":1736104869512,"rawTimestampNanos":0},
        {"fitValue":[{"value":{"fpVal":55}}],"originDataSourceId":"derived:com.google.heart_rate.bpm:com.google.android.gms:resting_heart_rate<-merge_heart_rate_bpm","endTimeNanos":1735963200000000000,"dataTypeName":"com.google.heart_rate.bpm","startTimeNanos":1735963200000000000,"modifiedTimeMillis":1736104869512,"rawTimestampNanos":0},
        {"fitValue":[{"value":{"fpVal":55}}],"originDataSourceId":"derived:com.google.heart_rate.bpm:com.google.android.gms:resting_heart_rate<-merge_heart_rate_bpm","endTimeNanos":1735966800000000000,"dataTypeName":"com.google.heart_rate.bpm","startTimeNanos":1735966800000000000,"modifiedTimeMillis":1736104869512,"rawTimestampNanos":0},
        {"fitValue":[{"value":{"fpVal":64}}],"originDataSourceId":"derived:com.google.heart_rate.bpm:com.google.android.gms:resting_heart_rate<-merge_heart_rate_bpm","endTimeNanos":1735970400000000000,"dataTypeName":"com.google.heart_rate.bpm","startTimeNanos":1735970400000000000,"modifiedTimeMillis":1736104869512,"rawTimestampNanos":0},
        {"fitValue":[{"value":{"fpVal":64}}],"originDataSourceId":"derived:com.google.heart_rate.bpm:com.google.android.gms:resting_heart_rate<-merge_heart_rate_bpm","endTimeNanos":1735974000000000000,"dataTypeName":"com.google.heart_rate.bpm","startTimeNanos":1735974000000000000,"modifiedTimeMillis":1736104869512,"rawTimestampNanos":0},
        {"fitValue":[{"value":{"fpVal":64}}],"originDataSourceId":"derived:com.google.heart_rate.bpm:com.google.android.gms:resting_heart_rate<-merge_heart_rate_bpm","endTimeNanos":1735977600000000000,"dataTypeName":"com.google.heart_rate.bpm","startTimeNanos":1735977600000000000,"modifiedTimeMillis":1736104869512,"rawTimestampNanos":0},
        {"fitValue":[{"value":{"fpVal":64}}],"originDataSourceId":"derived:com.google.heart_rate.bpm:com.google.android.gms:resting_heart_rate<-merge_heart_rate_bpm","endTimeNanos":1735981200000000000,"dataTypeName":"com.google.heart_rate.bpm","startTimeNanos":1735981200000000000,"modifiedTimeMillis":1736104869512,"rawTimestampNanos":0},
        {"fitValue":[{"value":{"fpVal":64}}],"originDataSourceId":"derived:com.google.heart_rate.bpm:com.google.android.gms:resting_heart_rate<-merge_heart_rate_bpm","endTimeNanos":1735984800000000000,"dataTypeName":"com.google.heart_rate.bpm","startTimeNanos":1735984800000000000,"modifiedTimeMillis":1736104869512,"rawTimestampNanos":0},
        {"fitValue":[{"value":{"fpVal":63}}],"originDataSourceId":"derived:com.google.heart_rate.bpm:com.google.android.gms:resting_heart_rate<-merge_heart_rate_bpm","endTimeNanos":1735988400000000000,"dataTypeName":"com.google.heart_rate.bpm","startTimeNanos":1735988400000000000,"modifiedTimeMillis":1736104869512,"rawTimestampNanos":0},
        {"fitValue":[{"value":{"fpVal":63}}],"originDataSourceId":"derived:com.google.heart_rate.bpm:com.google.android.gms:resting_heart_rate<-merge_heart_rate_bpm","endTimeNanos":1735992000000000000,"dataTypeName":"com.google.heart_rate.bpm","startTimeNanos":1735992000000000000,"modifiedTimeMillis":1736104869512,"rawTimestampNanos":0},
        {"fitValue":[{"value":{"fpVal":63}}],"originDataSourceId":"derived:com.google.heart_rate.bpm:com.google.android.gms:resting_heart_rate<-merge_heart_rate_bpm","endTimeNanos":1735995600000000000,"dataTypeName":"com.google.heart_rate.bpm","startTimeNanos":1735995600000000000,"modifiedTimeMillis":1736104869512,"rawTimestampNanos":0},
        {"fitValue":[{"value":{"fpVal":63}}],"originDataSourceId":"derived:com.google.heart_rate.bpm:com.google.android.gms:resting_heart_rate<-merge_heart_rate_bpm","endTimeNanos":1735999200000000000,"dataTypeName":"com.google.heart_rate.bpm","startTimeNanos":1735999200000000000,"modifiedTimeMillis":1736104869512,"rawTimestampNanos":0},
        {"fitValue":[{"value":{"fpVal":63}}],"originDataSourceId":"derived:com.google.heart_rate.bpm:com.google.android.gms:resting_heart_rate<-merge_heart_rate_bpm","endTimeNanos":1736010000000000000,"dataTypeName":"com.google.heart_rate.bpm","startTimeNanos":1736010000000000000,"modifiedTimeMillis":1736104869512,"rawTimestampNanos":0},
        {"fitValue":[{"value":{"fpVal":63}}],"originDataSourceId":"derived:com.google.heart_rate.bpm:com.google.android.gms:resting_heart_rate<-merge_heart_rate_bpm","endTimeNanos":1736013600000000000,"dataTypeName":"com.google.heart_rate.bpm","startTimeNanos":1736013600000000000,"modifiedTimeMillis":1736104869512,"rawTimestampNanos":0},
        {"fitValue":[{"value":{"fpVal":63}}],"originDataSourceId":"derived:com.google.heart_rate.bpm:com.google.android.gms:resting_heart_rate<-merge_heart_rate_bpm","endTimeNanos":1736017200000000000,"dataTypeName":"com.google.heart_rate.bpm","startTimeNanos":1736017200000000000,"modifiedTimeMillis":1736104869512,"rawTimestampNanos":0},
        {"fitValue":[{"value":{"fpVal":63}}],"originDataSourceId":"derived:com.google.heart_rate.bpm:com.google.android.gms:resting_heart_rate<-merge_heart_rate_bpm","endTimeNanos":1736020800000000000,"dataTypeName":"com.google.heart_rate.bpm","startTimeNanos":1736020800000000000,"modifiedTimeMillis":1736104869512,"rawTimestampNanos":0},
        {"fitValue":[{"value":{"fpVal":63}}],"originDataSourceId":"derived:com.google.heart_rate.bpm:com.google.android.gms:resting_heart_rate<-merge_heart_rate_bpm","endTimeNanos":1736024400000000000,"dataTypeName":"com.google.heart_rate.bpm","startTimeNanos":1736024400000000000,"modifiedTimeMillis":1736104869512,"rawTimestampNanos":0},
        {"fitValue":[{"value":{"fpVal":63}}],"originDataSourceId":"derived:com.google.heart_rate.bpm:com.google.android.gms:resting_heart_rate<-merge_heart_rate_bpm","endTimeNanos":1736028000000000000,"dataTypeName":"com.google.heart_rate.bpm","startTimeNanos":1736028000000000000,"modifiedTimeMillis":1736104869512,"rawTimestampNanos":0},
        {"fitValue":[{"value":{"fpVal":69}}],"originDataSourceId":"derived:com.google.heart_rate.bpm:com.google.android.gms:resting_heart_rate<-merge_heart_rate_bpm","endTimeNanos":1736031600000000000,"dataTypeName":"com.google.heart_rate.bpm","startTimeNanos":1736031600000000000,"modifiedTimeMillis":1736104869512,"rawTimestampNanos":0},
        {"fitValue":[{"value":{"fpVal":71}}],"originDataSourceId":"derived:com.google.heart_rate.bpm:com.google.android.gms:resting_heart_rate<-merge_heart_rate_bpm","endTimeNanos":1736035200000000000,"dataTypeName":"com.google.heart_rate.bpm","startTimeNanos":1736035200000000000,"modifiedTimeMillis":1736104869512,"rawTimestampNanos":0},
        {"fitValue":[{"value":{"fpVal":73}}],"originDataSourceId":"derived:com.google.heart_rate.bpm:com.google.android.gms:resting_heart_rate<-merge_heart_rate_bpm","endTimeNanos":1736038800000000000,"dataTypeName":"com.google.heart_rate.bpm","startTimeNanos":1736038800000000000,"modifiedTimeMillis":1736104869512,"rawTimestampNanos":0},
        {"fitValue":[{"value":{"fpVal":74}}],"originDataSourceId":"derived:com.google.heart_rate.bpm:com.google.android.gms:resting_heart_rate<-merge_heart_rate_bpm","endTimeNanos":1736042400000000000,"dataTypeName":"com.google.heart_rate.bpm","startTimeNanos":1736042400000000000,"modifiedTimeMillis":1736104869512,"rawTimestampNanos":0},
        {"fitValue":[{"value":{"fpVal":74}}],"originDataSourceId":"derived:com.google.heart_rate.bpm:com.google.android.gms:resting_heart_rate<-merge_heart_rate_bpm","endTimeNanos":1736046000000000000,"dataTypeName":"com.google.heart_rate.bpm","startTimeNanos":1736046000000000000,"modifiedTimeMillis":1736104869512,"rawTimestampNanos":0},
        {"fitValue":[{"value":{"fpVal":75}}],"originDataSourceId":"derived:com.google.heart_rate.bpm:com.google.android.gms:resting_heart_rate<-merge_heart_rate_bpm","endTimeNanos":1736049600000000000,"dataTypeName":"com.google.heart_rate.bpm","startTimeNanos":1736049600000000000,"modifiedTimeMillis":1736104869512,"rawTimestampNanos":0},
        {"fitValue":[{"value":{"fpVal":76}}],"originDataSourceId":"derived:com.google.heart_rate.bpm:com.google.android.gms:resting_heart_rate<-merge_heart_rate_bpm","endTimeNanos":1736053200000000000,"dataTypeName":"com.google.heart_rate.bpm","startTimeNanos":1736053200000000000,"modifiedTimeMillis":1736104869512,"rawTimestampNanos":0},
        {"fitValue":[{"value":{"fpVal":78}}],"originDataSourceId":"derived:com.google.heart_rate.bpm:com.google.android.gms:resting_heart_rate<-merge_heart_rate_bpm","endTimeNanos":1736056800000000000,"dataTypeName":"com.google.heart_rate.bpm","startTimeNanos":1736056800000000000,"modifiedTimeMillis":1736104869512,"rawTimestampNanos":0},
        {"fitValue":[{"value":{"fpVal":78}}],"originDataSourceId":"derived:com.google.heart_rate.bpm:com.google.android.gms:resting_heart_rate<-merge_heart_rate_bpm","endTimeNanos":1736060400000000000,"dataTypeName":"com.google.heart_rate.bpm","startTimeNanos":1736060400000000000,"modifiedTimeMillis":1736104869512,"rawTimestampNanos":0},
        {"fitValue":[{"value":{"fpVal":77}}],"originDataSourceId":"derived:com.google.heart_rate.bpm:com.google.android.gms:resting_heart_rate<-merge_heart_rate_bpm","endTimeNanos":1736064000000000000,"dataTypeName":"com.google.heart_rate.bpm","startTimeNanos":1736064000000000000,"modifiedTimeMillis":1736104869512,"rawTimestampNanos":0},
        {"fitValue":[{"value":{"fpVal":78}}],"originDataSourceId":"derived:com.google.heart_rate.bpm:com.google.android.gms:resting_heart_rate<-merge_heart_rate_bpm","endTimeNanos":1736067600000000000,"dataTypeName":"com.google.heart_rate.bpm","startTimeNanos":1736067600000000000,"modifiedTimeMillis":1736104869512,"rawTimestampNanos":0},
        {"fitValue":[{"value":{"fpVal":75}}],"originDataSourceId":"derived:com.google.heart_rate.bpm:com.google.android.gms:resting_heart_rate<-merge_heart_rate_bpm","endTimeNanos":1736071200000000000,"dataTypeName":"com.google.heart_rate.bpm","startTimeNanos":1736071200000000000,"modifiedTimeMillis":1736104869512,"rawTimestampNanos":0},
        {"fitValue":[{"value":{"fpVal":77}}],"originDataSourceId":"derived:com.google.heart_rate.bpm:com.google.android.gms:resting_heart_rate<-merge_heart_rate_bpm","endTimeNanos":1736074800000000000,"dataTypeName":"com.google.heart_rate.bpm","startTimeNanos":1736074800000000000,"modifiedTimeMillis":1736104869512,"rawTimestampNanos":0},
        {"fitValue":[{"value":{"fpVal":77}}],"originDataSourceId":"derived:com.google.heart_rate.bpm:com.google.android.gms:resting_heart_rate<-merge_heart_rate_bpm","endTimeNanos":1736078400000000000,"dataTypeName":"com.google.heart_rate.bpm","startTimeNanos":1736078400000000000,"modifiedTimeMillis":1736104869512,"rawTimestampNanos":0},
        {"fitValue":[{"value":{"fpVal":78}}],"originDataSourceId":"derived:com.google.heart_rate.bpm:com.google.android.gms:resting_heart_rate<-merge_heart_rate_bpm","endTimeNanos":1736082000000000000,"dataTypeName":"com.google.heart_rate.bpm","startTimeNanos":1736082000000000000,"modifiedTimeMillis":1736104869512,"rawTimestampNanos":0},
        {"fitValue":[{"value":{"fpVal":78}}],"originDataSourceId":"derived:com.google.heart_rate.bpm:com.google.android.gms:resting_heart_rate<-merge_heart_rate_bpm","endTimeNanos":1736085600000000000,"dataTypeName":"com.google.heart_rate.bpm","startTimeNanos":1736085600000000000,"modifiedTimeMillis":1736104869512,"rawTimestampNanos":0},
        {"fitValue":[{"value":{"fpVal":78}}],"originDataSourceId":"derived:com.google.heart_rate.bpm:com.google.android.gms:resting_heart_rate<-merge_heart_rate_bpm","endTimeNanos":1736089200000000000,"dataTypeName":"com.google.heart_rate.bpm","startTimeNanos":1736089200000000000,"modifiedTimeMillis":1736104869512,"rawTimestampNanos":0},
        {"fitValue":[{"value":{"fpVal":77}}],"originDataSourceId":"derived:com.google.heart_rate.bpm:com.google.android.gms:resting_heart_rate<-merge_heart_rate_bpm","endTimeNanos":1736092800000000000,"dataTypeName":"com.google.heart_rate.bpm","startTimeNanos":1736092800000000000,"modifiedTimeMillis":1736104869512,"rawTimestampNanos":0},
        {"fitValue":[{"value":{"fpVal":77}}],"originDataSourceId":"derived:com.google.heart_rate.bpm:com.google.android.gms:resting_heart_rate<-merge_heart_rate_bpm","endTimeNanos":1736096400000000000,"dataTypeName":"com.google.heart_rate.bpm","startTimeNanos":1736096400000000000,"modifiedTimeMillis":1736104869512,"rawTimestampNanos":0},
        {"fitValue":[{"value":{"fpVal":78}}],"originDataSourceId":"derived:com.google.heart_rate.bpm:com.google.android.gms:resting_heart_rate<-merge_heart_rate_bpm","endTimeNanos":1736100000000000000,"dataTypeName":"com.google.heart_rate.bpm","startTimeNanos":1736100000000000000,"modifiedTimeMillis":1736104869512,"rawTimestampNanos":0},
        {"fitValue":[{"value":{"fpVal":77}}],"originDataSourceId":"derived:com.google.heart_rate.bpm:com.google.android.gms:resting_heart_rate<-merge_heart_rate_bpm","endTimeNanos":1736103600000000000,"dataTypeName":"com.google.heart_rate.bpm","startTimeNanos":1736103600000000000,"modifiedTimeMillis":1736104869512,"rawTimestampNanos":0}
    ]
}