{
    "Data Source": "derived:com.google.internal.goal:com.google.android.apps.fitness:com_google_heart_minutes.cumulative.day...sample",
    "Data Points": [
        {"fitValue":[{"blob":{"internalGoal":{"dataTypeName":"com.google.heart_minutes","cumulativeObjective":{"objective":{"fieldName":"intensity","value":{"fpVal":20},"operator":"GTE"}},"recurInterval":{"unit":"DAY","count":1}}}}],"originDataSourceId":"","endTimeNanos":1736104876026126848,"dataTypeName":"com.google.internal.goal","startTimeNanos":1736104876026126848,"modifiedTimeMillis":1736104876591,"rawTimestampNanos":0}
    ]
}