{
    "Data Source": "derived:com.google.internal.goal:com.google.android.apps.fitness:com_google_step_count_delta.cumulative.day...sample",
    "Data Points": [
        {"fitValue":[{"blob":{"internalGoal":{"dataTypeName":"com.google.step_count.delta","cumulativeObjective":{"objective":{"fieldName":"steps","value":{"intVal":5000},"operator":"GTE"}},"recurInterval":{"unit":"DAY","count":1}}}}],"originDataSourceId":"","endTimeNanos":1736104876025881088,"dataTypeName":"com.google.internal.goal","startTimeNanos":1736104876025881088,"modifiedTimeMillis":1736104876265,"rawTimestampNanos":0}
    ]
}